# Montana Snowfall, January 2017
# Units: inches
# Missing: M
# Trace: T
GHCN ID,Station Name,County,State,Elevation,Latitude,Longitude,Jan 1,Jan 2,Jan 3,Jan 4,Jan 5,Jan 6,Jan 7,Jan 8,Jan 9,Jan 10,Jan 11,Jan 12,Jan 13,Jan 14,Jan 15,Jan 16,Jan 17,Jan 18,Jan 19,Jan 20,Jan 21,Jan 22,Jan 23,Jan 24,Jan 25,Jan 26,Jan 27,Jan 28,Jan 29,Jan 30,Jan 31
US1MTSW0003,"ABSAROKEE 0.6 S","STILLWATER",MT,4063,45.52,-109.44,0,1.1,0.1,0,0,0,M,0,0,0.7,2.5,M,0,0,0,0,0,0,M,M,0,M,0,1.8,0,0,0,0,0,0,M
USC00240056,"ADEL","CASCADE",MT,5016,47.01,-111.67,M,1,M,M,T,M,M,M,0.5,0.5,0.5,M,M,M,M,M,M,M,M,M,M,M,0.2,M,M,M,M,M,M,M,M
USC00240075,"ALBERTON","MINERAL",MT,3059,47,-114.48,0,1.3,0.1,0,0,0,0,1.8,6.4,2.2,1.2,0,0,0,0,0,0,0,0,0,0,1,1.3,0,0,0.2,0,0,0,0,3.4
USC00240111,"ALDER 19S","MADISON",MT,5748,45.1,-112.09,0,0.5,0.5,0,0,0,0,T,T,0,4,3,0,0,0,0,0,0,0,0,0,0,0,T,0,0,0,0,0,0,0
USC00240199,"ANACONDA","DEERLODGE",MT,5365,46.13,-112.97,0.7,T,0,0,0,0,0,M,0.1,T,2,1,0,0,0,0,0,0,0,T,0,0,0,0,0,0,0,0,0,0,4.5
US1MTDL0001,"ANACONDA 7.4 NW","DEERLODGE",MT,5799,46.17,-113.09,0,1.6,T,0,0,0,0,0.5,0.2,1.2,1.1,4,0,0,0,0,0,0,0,0.2,0,T,0.1,T,0.1,T,0,0,0,0,1
US1MTSN0001,"ARLEE 16.7 WNW","SANDERS",MT,2939,47.3,-114.39,0,0,0,0,0,0,0,4,0,0,0,0,0,0,0,0,0,0,0,0,0,0,0,0,0,0,0,0,0,M,M
US1MTPR0003,"ASHLAND 11.9 E","POWDERRIVER",MT,3439,45.61,-106.07,0,3,M,0,M,0,0,0,M,2,2.5,0,0,0,0,0,0,0,0,0,0,0,0,0,M,T,0,0,0,0,M
US1MTPR0006,"ASHLAND 9.7 ESE","POWDERRIVER",MT,3191,45.59,-106.12,0,1.2,0.4,0,0.3,0,0,0,0.6,M,2,0,0,0,0,0,0,0,0,0,M,0,0,M,M,M,0,0,0,0,M
USC00240375,"AUSTIN 1 W","LEWISANDCLARK",MT,4850,46.65,-112.27,M,M,0,0,0,0,0,M,0,0,M,0,0,0,0,0,0,0,0,0,M,0,0,0,0,0,0,0,0,0,M
US1MTFL0003,"BAKER 24.7 SSE","FALLON",MT,3130,46.03,-104.08,M,M,M,M,M,M,M,M,M,M,M,M,M,M,M,0,0,0,0,0,0,M,M,M,M,M,M,M,M,M,M
USC00240636,"BELLTOWER","CARTER",MT,3233,45.69,-104.39,M,5,0,0,0,0,0,0,0,0.5,1,0,0,0,0,0,0,0,0,0,0,0,0,0,0,M,M,M,M,0,0.5
US1MTCC0007,"BELT 2.7 NNW","CASCADE",MT,3754,47.42,-110.96,M,4,T,0,M,M,M,1,M,M,0.5,M,M,M,M,M,M,M,0,M,M,M,0.4,M,M,M,M,M,M,M,1
USC00240743,"BIDDLE 8 SW","POWDERRIVER",MT,3630,45.04,-105.48,0,3,T,T,T,0,0,0,0,T,2,0,0,0,0,0,0,0,0,0,0,0,0,M,1.5,0,0,0,0,0,T
US1MTFH0026,"BIGFORK 3.0 N","FLATHEAD",MT,3065,48.11,-114.06,1.5,T,0,0,0,T,0,2.8,2.7,2.8,T,0,T,T,T,T,T,T,M,T,0,0.1,1,T,0,2.1,T,T,0,0,0
US1MTFH0016,"BIGFORK 3.2 ENE","FLATHEAD",MT,3049,48.07,-114.01,1.2,T,0,0,T,T,0,3,2.5,2,0.3,T,T,T,T,T,T,T,0,0,0,0.1,0.6,0,T,1.5,T,T,0,0,T
USC00240780,"BIG TIMBER","SWEETGRASS",MT,4099,45.83,-109.95,0.5,0.5,0,0,0,0,0,0.5,1,0,3,0,0,0,0,0,0,0,0,0,0,0,0.5,0,0,0,0,0,0,0,8
US1MTSG0001,"BIG TIMBER 0.3 ESE","SWEETGRASS",MT,4097,45.83,-109.94,M,M,M,0,0,0,M,M,M,M,2.7,M,0,0,0,0,0,0,0,0,M,0,0,1,M,0,0,0,0,0,0.5
US1MTSG0003,"BIG TIMBER 8.2 SSE","SWEETGRASS",MT,4366,45.72,-109.91,0,M,M,0,0,0,0,M,0,M,M,M,0,0,0,0,0,0,0,0,0,0,0,1.5,0,0,0,0,0,0,1.5
US1MTYS0008,"BILLINGS 1.0 NW","YELLOWSTONE",MT,3372,45.8,-108.56,M,3,0.5,0,M,M,M,0,M,2,2.5,M,M,0,M,M,M,M,M,M,M,M,M,0.2,M,M,M,M,M,0,2
US1MTYS0005,"BILLINGS 2.8 WNW","YELLOWSTONE",MT,3378,45.8,-108.59,0,2,0.5,T,0,0,0,0,T,1,2.5,0.1,0,0,0,0,0,0,0,0,0,0,0,0.5,T,0,0,0,0,0,0.6
US1MTYS0027,"BILLINGS 3.2 NNE","YELLOWSTONE",MT,3402,45.84,-108.52,0,2,1,0,0,0,0,0,0,1,2,T,0,0,0,0,0,0,0,M,0,0,0,0.5,0,0,0,0,0,0,0.5
US1MTYS0032,"BILLINGS 3.4 NNE","YELLOWSTONE",MT,3366,45.84,-108.52,M,M,M,M,M,M,M,M,M,M,M,M,M,M,0,0,M,0,0,M,M,0,M,0.1,M,M,M,M,M,0,M
US1MTYS0033,"BILLINGS 4.1 WSW","YELLOWSTONE",MT,3261,45.76,-108.61,0,0.9,0.4,T,0,0,0,0,T,0.4,2.6,0.2,0,0,0,0,0,0,0,0,0,0,0,0.4,T,0,0,0,0,0,0.2
US1MTYS0028,"BILLINGS 4.2 WSW","YELLOWSTONE",MT,3248,45.76,-108.61,M,4,0.2,T,M,M,M,M,M,1,3,T,M,M,M,M,M,M,M,M,M,M,M,0.2,M,M,M,M,M,M,0.5
US1MTYS0014,"BILLINGS 4.5 NE","YELLOWSTONE",MT,3161,45.83,-108.44,0,2.4,0.4,0,0,0,0,0,0,0.8,1.8,T,0,0,0,0,0,0,0,T,0,0,0,0.3,0,0,0,0,0,0,0.6
US1MTYS0013,"BILLINGS 5.1 S","YELLOWSTONE",MT,3309,45.72,-108.52,0,3.1,0.4,0,0,0,0,0,0,0.5,3,T,0,0,0,0,0,0,0,M,0,0,0,0.5,0,0,0,0,0,0,1
US1MTYS0012,"BILLINGS 7.1 W","YELLOWSTONE",MT,3411,45.8,-108.69,0,1.5,0.3,0,0,0,0,T,0,1.3,2.5,T,0,0,0,0,0,0,0,0,0,0,0,0.4,0,0,0,0,0,0,0.5
US1MTYS0011,"BILLINGS 7.4 SW","YELLOWSTONE",MT,3224,45.71,-108.65,0,1.5,0.5,0,0,0,0,0,0,0.5,3.5,0.4,0,0,0,0,0,0,0,0,0,0,0,0.2,0,0,0,0,0,0,0.5
US1MTYS0015,"BILLINGS 9.5 ENE","YELLOWSTONE",MT,3550,45.82,-108.35,0,2,0,0,0,0,0,0,0,0.5,1.5,M,0,0,0,0,0,0,0,M,0,0,0,0.2,0,0,0,0,0,0,1
USW00024033,"BILLINGS INTERNATIONAL AIRPORT","YELLOWSTONE",MT,3580,45.81,-108.54,1.4,1.7,T,T,0,0,T,0,0.7,1,1.4,0,0,0,0,0,0,0,0,0,0,0,0.2,0.2,0,0,0,0,0,0,5.6
USC00240802,"BILLINGS WATER TREATMENT PLANT","YELLOWSTONE",MT,3096,45.77,-108.48,0,4.2,0.5,0,0,0,0,0,0,0.5,2,0,0,0,0,0,0,0,0,0,0,0,0,0,0,0,0,0,0,0,1.1
USC00240801,"BILLINGS WFO","YELLOWSTONE",MT,3184,45.75,-108.57,1.6,1,T,T,0,0,0,T,0.6,1.5,1.4,0,0,0,0,0,0,0,0,0,0,0,0.2,0.2,0,0,0,0,0,0,3.5
US1MTMS0020,"BONNER 0.0 SW","MISSOULA",MT,3817,46.87,-113.86,1,0,0,0,0,0,1,4,1,M,0.2,0,0,0,0,0,0,M,0,M,0.5,0,T,M,T,0,0,0,0,0,5
US1MTMS0023,"BONNER-WEST RIVERSIDE 4.0 SE","MISSOULA",MT,3326,46.84,-113.83,0,M,0,0,0,0,M,1,3,0,1.5,M,0,0,0,0,0,0,0,0,0,T,0.2,0,M,0,M,0,0,0,1.3
US1MTMS0022,"BONNER-WEST RIVERSIDE 9.4 SE","MISSOULA",MT,3430,46.79,-113.74,0.5,0.5,T,0,0,0,0,1.4,3.1,0.2,0.2,2,0,0,0,0,0,0,0,0,0,T,0.2,0,T,0.2,0,0,0,0,1.6
USC00241008,"BOULDER","JEFFERSON",MT,4903,46.23,-112.11,0.1,1,0,M,0,M,M,0,2,1.5,0.5,0,0,0,0,0,0,0,0,0,0,0,M,0,0,0,0,0,0,0,4.5
US1MTJF0001,"BOULDER 0.3 E","JEFFERSON",MT,4903,46.24,-112.11,0,0.4,0,0,0,0,0,1.2,1,0.3,0.3,0,0,0,0,0,0,0,0,0,0,0,M,0,M,M,0,0,M,0,0.2
US1MTPR0005,"BOYES 1.7 NNE","POWDERRIVER",MT,3447,45.29,-105.02,0,M,0.5,0,0.5,0,T,M,M,0.6,2.3,M,M,M,M,M,M,M,M,M,0.2,M,M,T,0.1,T,M,M,M,M,0.5
US1MTGN0011,"BOZEMAN 1.5 SSE","GALLATIN",MT,4937,45.66,-111.03,0,1.2,0.3,T,0,0,0,0,0,0.2,1.3,2.1,T,0,0,0,0,0,0,T,0,0,0,1.2,T,0,0,0,0,0,2.2
USC00241044,"BOZEMAN MONTANA STATE UNIVERSITY","GALLATIN",MT,4912,45.66,-111.05,0.3,3.3,0,0,0,0,0,0,T,0.4,2.4,1.8,0,0,0,0.2,0,0,0,0,0,0,0.1,0.8,0,0,0,0,0,0,6
USC00241081,"BRADY 27 ENE (THE KNEES)","CHOUTEAU",MT,3324,48.08,-111.26,T,3.2,T,0,T,0,0,0,5.4,2.2,1.6,0,0,0,0,0,0,0,0,0,0,0,1.1,2.9,0,0,0,0,0,0,0.6
USC00241084,"BRANDENBERG","ROSEBUD",MT,2769,45.82,-106.23,T,2.8,0.2,T,T,T,T,T,0,1.5,1.5,0,0,0,0,0,0,0,0,0,0,0,0,0.3,T,0,0,0,0,0,1.5
USC00241088,"BREDETTE","ROOSEVELT",MT,2312,48.52,-105.3,0,1,0,0,0,T,0,0,0.5,0.2,T,0,0,0,0,0,0,0,0,0,0,T,T,T,0.3,0,0,0,0,0,T
USC00241102,"BRIDGER 2 N","CARBON",MT,3582,45.33,-108.91,1,1,T,0,0,0,0,0,0,1,3,0,0,0,0,0,0,0,0,0,0,0,0,0,0,0,0,0,0,0,2
US1MTCB0011,"BRIDGER 6.1 W (CLOSED)","CARBON",MT,4559,45.29,-109.04,0,1.5,0,0,0,0,0,0,0,1,0.8,0.8,0,0,0,0,0,0,0,0,0,0,0,0.2,0,0,0,0,0,0,2.1
US1MTPR0007,"BROADUS 12.3 SSE","POWDERRIVER",MT,3138,45.27,-105.33,0,3,0.2,0,M,0,0,0,0,0.8,2.2,0.4,0,0,0,0,0,0,0,0,M,0,0,M,M,M,0,0,0,0,M
US1MTPR0004,"BROADUS 12.6 SW","POWDERRIVER",MT,3237,45.3,-105.56,0,3,M,0,M,0,0,0,M,M,M,M,M,M,M,0,M,M,M,0,M,0,0,M,M,0,M,0,0,0,0
US1MTPR0011,"BROADUS 17.7 NNW","POWDERRIVER",MT,3323,45.68,-105.56,0,M,M,0,M,0,M,0,M,M,M,M,M,M,0,0,0,0,0,0,M,0,0,M,M,M,0,0,M,0,M
US1MTPR0001,"BROADUS 18.8 NNW","POWDERRIVER",MT,3483,45.67,-105.62,0,1.5,M,0,M,0,M,0,M,0.5,2.5,T,0,0,0,0,0,0,0,M,M,0,0,T,0.5,T,0,0,0,0,0.5
US1MTPR0009,"BROADUS 9.8 W","POWDERRIVER",MT,3509,45.44,-105.61,0,3,M,0,0.4,0,0,0,0.5,1,2.5,M,0,0,0,0,0,M,M,0,M,0,M,M,M,M,M,M,M,M,0.4
US1MTRT0003,"BROCKTON 11.6 N","ROOSEVELT",MT,2119,48.32,-104.91,M,0.5,0.2,0,M,M,0,0,1.5,0.2,0.1,0,0,0,0,0,0,0,0,0,0,M,0,M,M,M,0,M,0,0,0
USC00241160,"BROCKTON 17 N","ROOSEVELT",MT,2299,48.39,-104.93,0,0.5,0.4,0,0,0,0,0,0,0,0,0,0,0,0,0,0,0,0,0,0,0,0,0,0,0,0,0,0,0,0
USC00241164,"BROCKTON 20S","RICHLAND",MT,2369,47.87,-104.9,0,3.5,3,0,M,0.5,0,0,2.7,3.6,0.7,0,0,0,0,0,0,0,0,0,0,0,0,0.1,0.5,0.1,0,0,0,0,0
USC00241231,"BRUSETT 3 E","GARFIELD",MT,2853,47.42,-107.25,0,4,0,0,0,0,0,0,0,0,0,0,0,0,0,0,0,0,0,0,0,0,0,0,0,0,0,0,0,0,1
US1MTFG0003,"BUFFALO 1.7 E","FERGUS",MT,4270,46.82,-109.79,T,5,1,T,1,0,0,0.5,1,0,1,0,0,0,0,0,0,0,0,0,0,0,0,0.3,0,0,0,0,0,0,4
USC00241297,"BUSBY","BIGHORN",MT,3429,45.54,-106.96,0,3,0,0,0,0,0,0,0,2.2,2,0,0,0,0,0,0,0,0,0,0,0,0,0,0,0,0,0,0,0,3
USC00241342,"BYNUM 4 SSE","TETON",MT,4038,47.93,-112.29,1,4,1,0,0,0,0,0.2,1.7,0.6,1,0,0,0,0,0,0,0,0,0,0,0,2.3,0,0,M,0,0,0,0,2
USC00241518,"CARLYLE 13 NW","WIBAUX",MT,3144,46.74,-104.31,0,4,0,0,0.1,1,0,0,1,0,2.5,0,0,0,0,0,0,0,0,0,0,0,0,0,0.5,0.2,0.2,0,0,0,0.2
USC00241552,"CASCADE 5 S","CASCADE",MT,3359,47.22,-111.71,3.5,1.5,T,0,0,0,0,0.5,1,0.8,0.5,0,0,0,0,0,0,0,0,0,0,0,0.5,0,0,0,0,0,0,0,5
US1MTLK0005,"CHARLO 4.9 S","LAKE",MT,2717,47.37,-114.16,T,3,0,T,T,0,0,2,2,M,T,2,T,0.5,0,0,T,T,0,0,0,0,1.5,0,0.5,0,0,0,0,0,1.5
USC00241692,"CHESTER","LIBERTY",MT,3131,48.51,-110.97,0,1,0,0,0.5,0.2,0,0,1.5,2.3,2.3,0,0,0,0,0,0,0,0,0,0,0,2.5,0.5,0,0,0,0,0,0,0
USC00241722,"CHINOOK","BLAINE",MT,2419,48.59,-109.23,2,2,0,0,0,1,0,0,1,2,0,0,0,0,0,0,0,0,0,0,0,0,0,0,0,0,0,0,0,0,0.5
USC00241737,"CHOTEAU","TETON",MT,3844,47.82,-112.19,4.3,3,0.4,0,0,0,0,0.7,2.5,1.5,0.3,0,0,0,0,0,0,0,0,0,0,0,1.7,0,0,0,0,0,0,0,2.9
USC00241738,"CHOTEAU 8NE","TETON",MT,3740,47.86,-112.02,3.4,0,0,0,0,0,0,T,1.2,1.4,T,0,0,0,0,0,0,0,0,0,0,0,2.8,0,0,0,0,0,0,0,2
USC00241758,"CIRCLE","MCCONE",MT,2479,47.41,-105.6,2,3,0,0,T,0,0,0,0,T,T,0,0,0,0,0,0,0,0,0,0,0,0,T,0,0,0,0,0,0,0
USC00241875,"COHAGEN","GARFIELD",MT,2719,47.06,-106.62,0.1,T,0,0,0,0,0,0,0,0,0,0,0,0,0,0,0,0,0,0,0,0,0,0,0,0,0,0,0,0,M
USC00241905,"COLSTRIP","ROSEBUD",MT,3217,45.89,-106.63,0,3.5,T,0,0,0,0,1,0,2,3,0,0,0,0,0,0,0,0,0,T,0,0,T,0.2,T,0,0,0,0,0.5
US1MTFH0017,"COLUMBIA FALLS 7.7 S","FLATHEAD",MT,3057,48.26,-114.16,1.7,T,0,0,0,T,0,2.5,5,3,T,0,T,T,T,T,T,0,0,T,0,T,0.1,T,0,3.2,0,T,0,0,0
USC00241938,"COLUMBUS","STILLWATER",MT,3601,45.64,-109.27,0,1.5,T,0,0,0,0,0,0,0.4,2.5,0.7,0,0,0,0,0,0,0,0,0,0,0,1.2,0,0,0,0,0,0,1.8
US1MTSW0002,"COLUMBUS 7.2 E","STILLWATER",MT,4074,45.62,-109.1,0,2.5,0.5,0,0,0,0,T,0,1.7,3.2,0.4,0,0,0,0,0,0,0,T,0,0,0,1,0,0,0,0,0,0,1
US1MTSW0010,"COLUMBUS 8.2 ESE","STILLWATER",MT,3591,45.6,-109.09,0,2.6,T,0,0,0,0,0,0,M,3.2,0.5,0,0,0,0,0,0,0,M,0,0,0,1.1,0,0,0,0,0,0,1.7
USC00241974,"CONRAD","PONDERA",MT,3549,48.17,-111.95,9,1,0,0,0,0,0,1,2,0.5,0,0,0,0,0,0,0,0,0,0,0,0,1.5,0,0,0,0,0,0,0,2
USC00241984,"CONTENT 4 NNE","PHILLIPS",MT,2325,48.08,-107.52,0,0,0,0,0,0,2,0,4,0,0,0,0,0,0,0,0,0,0,0,0,0.5,0,0,0,0,0,0,0,0,0
US1MTRV0007,"CORVALLIS 4.2 ENE","RAVALLI",MT,4281,46.32,-114.03,0,1.7,0.3,T,0,0,0,1.6,1.5,0.2,1.3,1.3,0,0,0,0,0,0,0,0.2,0,0.9,0.1,0,0,0.2,T,0,0,0,1.8
USC00242104,"CRESTON","FLATHEAD",MT,2934,48.19,-114.13,1.9,0,0,0,0,0,0,2.6,4.5,1,0,0,0,0,0,0,0,0,0,0,0,0,0.5,0,0,2,0,0,0,0,0
USC00242122,"CULBERTSON","ROOSEVELT",MT,1939,48.15,-104.51,T,1.5,0,0,0,0,0,0,2,0.4,T,0,0,0,0,0,0,0,0,0,0,T,0.2,T,T,0,0,0,0,0,0
US1MTGR0006,"CUT BANK 0.3 NNW","GLACIER",MT,3750,48.64,-112.33,1,2.6,0.3,T,0.2,0,0,0,2.6,0.4,0.5,0,0,0,0,0,0,0,0,0,0,0,0.9,0.9,0,0,0,0,0,0,1.6
USC00242275,"DEER LODGE 3 W","POWELL",MT,4849,46.39,-112.8,0,0,3,0,0,0,0,0,0,3,1,T,M,M,M,3,0,0,M,0,0,0,0,0,0.2,0,0,0,0,2.6,0
US1MTBV0002,"DILLON 5.3 ENE","BEAVERHEAD",MT,5298,45.24,-112.53,0,M,M,M,0,0,0,M,0,M,M,M,0,0,0,0,0,0,0,0,0,0,0,0,0,0,0,0,0,0,0
USC00242409,"DILLON U OF MONTANA WESTERN","BEAVERHEAD",MT,5128,45.21,-112.64,0.5,0.7,0,0.2,0,0,0.5,0,T,0.4,4.2,0,0,0,0,0,0,0,0,0,0,0,0,0,0,0,0,0,0,0,4
USC00242550,"DUNKIRK 19NNE","TOOLE",MT,3322,48.72,-111.48,0.3,0.2,0,T,0,T,0,0.9,0.7,1.2,0.6,0,0,0,0,0,0,0,0,0,0,0,0.9,0,0,0,0,0,0,0,0.2
US1MTTN0003,"DUTTON 3.3 ENE","TETON",MT,3536,47.86,-111.65,M,M,M,M,0,0,0,0.9,0.8,2,0.7,0,0,0,0,0,0,0,0,0,0,0,0.9,0.4,0,0,0,0,0,0,1.2
USC00242629,"EAST GLACIER","GLACIER",MT,4805,48.45,-113.22,2.5,2,0.5,0,T,0,0,1,6,9,4,0,0,0,0,0,0,0,0,0,0,0,3,T,0,0,0,0,0,0,2.5
USC00242689,"EKALAKA","CARTER",MT,3431,45.89,-104.55,T,1.8,0.1,0,0.4,T,0,T,0,1.2,1.8,0,0,0,0,0,0,0,0,0,T,0,0,T,0.4,0,0,0,0,0,2.3
US1MTCT0005,"EKALAKA 9.4 WNW","CARTER",MT,3258,45.94,-104.73,M,1.9,1.6,0,0,M,M,M,M,1.5,1.2,M,M,M,M,M,M,M,M,M,M,M,M,M,M,M,M,M,M,M,M
USC00242738,"ELLISTON","POWELL",MT,5079,46.56,-112.43,0,1.5,0,0,0,0,0,2,1,2,2,T,0,0,0,0,0,0,0,T,0,0,T,0,T,1.5,0,0,0,0,2
USC00242793,"ENNIS","MADISON",MT,4952,45.34,-111.71,0,0.2,0.5,T,0,0,0,0,0,0,3.8,1.7,0,0,0,0,0,0,0,0,0,0,0,T,T,T,0,0,0,0,0
USC00242827,"EUREKA RANGER STATION","LINCOLN",MT,2532,48.9,-115.06,1,0,0,0,0,0,0,0,5,0,0,0,0,0,0,0,0,0,0,0,0,0,0,0,0,0,0,0,0,0,0
US1MTMS0009,"EVARO .74 NNW","MISSOULA",MT,4241,47.04,-114.1,M,1.9,M,M,M,M,M,1.6,3.1,M,M,M,M,M,M,0,M,M,M,M,M,M,0.4,M,M,M,M,M,M,0,3.3
US1MTFH0027,"EVERGREEN 13.7 SE","FLATHEAD",MT,3113,48.08,-114.08,1,0.6,0,0,T,T,T,2.1,2.5,2.1,T,T,T,T,0,T,T,T,T,0,0,0.3,0.1,0.5,T,2,T,0,0,0,0
USC00242857,"FAIRFIELD","TETON",MT,3982,47.62,-111.99,0,0,0,0,0,0,0,1.5,0.5,0.2,0,M,M,M,M,M,M,M,M,M,M,1.5,T,0,0,M,M,M,M,M,2
USC00242996,"FISHTAIL","STILLWATER",MT,4499,45.45,-109.51,0,0,2,0,0,0,0,0,0,1,1.3,2.8,0,0,0,0,0,0,0,0,0,0,0,2,0,4,0,0,0,0,12
USC00243013,"FLATWILLOW 4 ENE","PETROLEUM",MT,3289,46.82,-108.37,6,3,0,0,0,0,0,1,4,0,0,0,0,0,0,0,0,0,0,0,0,0,0,0,0,0,0,0,0,5,0
US1MTRV0005,"FLORENCE 3.7 SE","RAVALLI",MT,3559,46.61,-114.01,0,1,0.1,0,0,0,0,3.3,2.8,T,0.7,0.3,0,0,0,0,0,0,0,0,0,T,0.8,T,T,T,0,0,0,0,1.5
USC00243098,"FORSYTH","ROSEBUD",MT,2514,46.27,-106.68,0,5,0.5,0.5,0,0,0,0.5,1,2,1,0,0,0,0,0,0,0,0,0,0,0,0,0.5,0,0,0,0,0,0,1
US1MTTR0003,"FORSYTH 19.5 W","TREASURE",MT,2599,46.31,-107.08,M,3.8,0.5,M,M,M,M,M,M,3,2.5,M,M,M,M,M,M,M,M,M,M,M,M,M,M,M,M,M,M,M,M
USC00243118,"FORT BELKNAP 2 SW","BLAINE",MT,2526,48.46,-108.78,0.9,1.8,0.2,0,0,0.7,M,0.2,0.4,0.7,0.2,0,0,0,0,0,0,0,M,0,0,0,0.4,0.4,T,M,0,0,0,0,0.2
USC00243113,"FORT BENTON","CHOUTEAU",MT,2648,47.83,-110.66,0.1,5.8,0.2,0.1,0.1,0,0,1.6,1.8,2.7,0.8,0,0,0,0,0,0,0,0,0,0,0,1.4,0.1,0,0,0,0,0,0,1.5
USC00243176,"FORT PECK POWER PLANT","MCCONE",MT,2070,48.01,-106.41,M,M,0,0,0,0,M,0,0,M,0,0,0,0,0,0,0,0,0,0,0,0,0,M,0,0,0,0,0,0,0
US1MTBH0006,"FORT SMITH 0.5 ENE","BIGHORN",MT,3282,45.31,-107.92,0,1.9,0.1,T,0,0,0,0,0,1.7,5,0.3,0,0,0,0,0,0,0,0,0,0,0,0.4,0,0,0,0,0,0,1.8
US1MTCB0012,"FROMBERG 2.7 NE","CARBON",MT,3518,45.42,-108.87,M,2.7,M,M,M,M,M,M,M,1.4,3,M,M,M,M,M,M,M,M,M,M,M,M,M,M,M,M,M,M,M,3.1
USC00243346,"GALATA 16 SW","TOOLE",MT,3549,48.29,-111.57,0,7,0,0,0,0,0,1.5,3,0,2,0,0,0,0,0,0,0,0,0,0,0,3,0,0,0,0,0,0,0,3
US1MTCH0006,"GERALDINE 12.0 E","CHOUTEAU",MT,3156,47.6,-110.01,0,4,M,0,0,0,0,0.5,2,M,M,0,0,0,0,0,0,0,0,0,M,M,1.5,M,0,0,0,0,M,0,M
USC00243486,"GIBSON 2 NE","SWEETGRASS",MT,4443,46.04,-109.5,0,2,0,0,0,0,0,0,1,1.5,1.5,0.5,0,0,0,0,0,0,0,0,0,0,0,0,0,0,0,0,0,0,2
USC00243489,"GIBSON DAM","LEWISANDCLARK",MT,4589,47.6,-112.75,M,M,0,0,0,0,0,M,0,M,0,0,0,0,0,0,0,0,0,0,0,0,0,0,0,0,0,0,0,0,0
USC00243530,"GILDFORD","HILL",MT,2819,48.56,-110.3,3,0,0,0,1,0,0,0,0,2,0,0,0,0,0,0,0,0,0,0,0,0,1,0,0,0,0,0,0,M,0
US1MTVL0013,"GLASGOW 0.9 ESE","VALLEY",MT,2207,48.19,-106.61,0.2,2.5,0.3,T,0.2,0.8,0,0,3.5,3.3,1,0,0,0,0,0,0,0,0,0,0,0,0.9,1.1,T,0,0,0,0,0,0
USC00243554,"GLASGOW 14 NW","VALLEY",MT,2163,48.35,-106.84,1.2,1.8,0,0.7,1,0,0.1,0,M,6,0,0,0,0,0,0,0,0,0,0,0,0,M,M,2.5,0,0,0,0,0,0
USC00243556,"GLASGOW 46 SW","VALLEY",MT,2947,47.71,-107.26,0,5,1,0.5,0.2,T,T,0,1.6,1.8,1.2,0,0,0,0,0,0,0,0,0,0,0,0,0,0.3,1,0,0,0,0,1.2
USW00094008,"GLASGOW INTERNATIONAL AP","VALLEY",MT,2285,48.21,-106.62,1,2.4,T,0.3,T,0.6,0,0,6.4,0.9,0,0,0,0,0,0,0,0,0,0,0,0,0.6,0.5,T,0,T,0,0,0,T
USC00243555,"GLASGOW WFO","VALLEY",MT,2270,48.21,-106.63,1,2.4,T,0.3,T,0.6,0,0,6.4,0.9,0,0,0,0,0,0,0,0,0,0,0,0,0.6,0.5,T,0,T,0,0,0,T
US1MTBV0022,"GLEN 0.2 SE","BEAVERHEAD",MT,4989,45.48,-112.69,0,0.4,0.6,0,M,0,0,M,0,0,0.5,M,0,0,0,0,0,0,0,0,0,0,0.1,0,0,0,0,0,0,0,T
USC00243581,"GLENDIVE","DAWSON",MT,2075,47.11,-104.72,1,4,0.5,0,0,0.2,0,0,1,0.4,0.6,0,0,0,0,0,0,0,0,0,0,0,0,0,0,0,T,0,0,0,0
US1MTDW0002,"GLENDIVE 16.9 WSW","DAWSON",MT,2647,46.99,-105.02,0,2,2,0,M,M,0,M,0.7,0.5,2,0,0,0,0,0,0,0,0,0,0,0,0,M,M,0,0,0,0,0,M
US1MTDW0007,"GLENDIVE 2.2 W","DAWSON",MT,2105,47.11,-104.76,0,4,1.6,T,T,0.1,T,T,0.5,0.1,0.5,0,0,0,0,0,0,0,0,0,0,0,0,M,T,0,0,T,0,0,0
USC00243707,"GRANT 5 SE","BEAVERHEAD",MT,5778,44.97,-113,0,0.2,T,0.2,0,0,0,T,0,0,4.3,1.5,0,0,0,0,0,0,0,0,0.1,0,0,3.5,0,0,0,0,0,0,0
USC00243727,"GRASS RANGE","FERGUS",MT,3489,47.03,-108.8,8,3,0,0,0.5,0,M,T,1,T,T,0,0,M,M,M,M,M,M,M,M,M,T,M,M,M,M,M,M,M,1
USC00243749,"GREAT FALLS 16ST","CASCADE",MT,3504,47.49,-111.28,4,0.4,0,0,0,0,0,0.7,1,2.1,T,0,0,0,0,0,0,0,0,0,0,0,1.4,0,0,0,0,0,0,0,3
USW00024143,"GREAT FALLS AIRPORT","CASCADE",MT,3663,47.47,-111.38,3.3,0.3,0,T,T,0,0.7,0.9,0.4,1.6,0,0,0,0,0,0,0,0,0,0,0,0.3,1.1,0,0,0,0,0,0,T,3.8
USC00243753,"GREAT FALLS WFO","CASCADE",MT,3704,47.46,-111.39,3.3,0.3,0,T,T,0,0.7,0.9,0.4,1.6,0,0,0,0,0,0,0,0,0,0,0,0.3,1.1,0,0,0,0,0,0,T,3.8
US1MTMS0017,"GREENOUGH 2.0 NNE","MISSOULA",MT,3699,46.95,-113.43,0,0,M,0,0,0,0,M,M,M,0,0,0,0,0,0,M,0,M,0,0,0,0,0,0,0,0,0,0,0,0
USC00243915,"HARDIN","BIGHORN",MT,2879,45.73,-107.61,8,T,T,0,0,0,0,0,0,1.1,2.5,0,0,0,0,0,0,0,0,0,0,0,0,T,0,0,0,0,0,0,2.5
US1MTBH0002,"HARDIN 0.6 ENE","BIGHORN",MT,2899,45.74,-107.6,M,4.5,T,0,0,0,0,0,0,1,2.5,0,0,0,0,0,0,0,0,M,M,0,0,T,0,0,0,0,0,0,T
USC00243934,"HARLEM 20S","BLAINE",MT,2694,48.24,-108.68,0,0,0,0,0,0,0,0,0,0,0,0,0,0,0,0,0,0,0,0,0,0,0,0,0,0,0,0,0,0,0
USC00243947,"HARLOWTON 11NW","WHEATLAND",MT,4953,46.58,-109.95,3.4,T,T,0,0,0,0,0,3.4,T,0,0,0,0,0,0,0,0,0,0,0,0,0,0,0,0,0,0,0,0,T
USC00243984,"HAUGAN 1 W","MINERAL",MT,3159,47.39,-115.42,3,0,0,0,0,0,0,3,6,5,2,0,0,0,0,0,0,2,0,0,0,3,T,T,T,T,0,0,0,0,3
USW00094012,"HAVRE AP ASOS","HILL",MT,2584,48.54,-109.76,2.3,1.2,T,T,0.2,0.8,0,1,1,0.5,0,0,0,0,0,0,0,0,0,0,0,0,2,0,0,0,0,0,0,1,0
USC00244038,"HEBGEN DAM","GALLATIN",MT,6487,44.87,-111.34,0,0,0,0,0,0,2,0,M,M,M,M,M,M,M,M,M,M,M,M,M,M,M,M,M,M,M,M,M,M,M
US1MTLC0004,"HELENA 10.6 N","LEWISANDCLARK",MT,4075,46.75,-112.03,0,0.3,0.1,0.2,0,T,0,1.7,2.4,M,1.5,0,0,0,0,0,0,0,0,0,0,0,0.5,1.1,0,0,0,0,0,0,0
US1MTLC0014,"HELENA 2.0 NNW","LEWISANDCLARK",MT,3870,46.62,-112.04,M,0.6,0.1,T,0,0,0,2.5,1.3,0.5,1.3,M,0,0,0,0,0,0,0,0,0,0,0.3,0,0,0,0,0,0,0,1.3
USW00024144,"HELENA AIRPORT ASOS","LEWISANDCLARK",MT,3827,46.61,-111.96,1.8,T,T,0,0,0,1,1.5,2,1.5,T,0,0,0,0,0,0,0,0,0,0,T,0.5,0,0,T,0,0,0,0,4.4
USC00244181,"HINSDALE 21 SW","VALLEY",MT,2368,48.13,-107.31,1,0,0,0,T,0,6,0,0,0,0,0,0,0,0,0,0,0,0,0,0,0,0,0,0,0,0,0,0,0,0
USC00244180,"HINSDALE 4 SW","VALLEY",MT,2804,48.35,-107.15,T,4,0,0.5,0,0,0,0,6,0.5,0,0,0,0,0,0,0,0,0,0,0,1.5,1.5,0,0,0,0,0,0,0,0
USC00244241,"HOLTER DAM","LEWISANDCLARK",MT,3486,46.99,-112.01,M,0.4,M,M,M,M,M,1,5,2.2,0.5,0,0,0,M,0,M,M,M,M,M,M,1,0,0,0,0,M,0,0,2
USC00244302,"HOYT 2 WSW","DAWSON",MT,2126,46.92,-104.9,T,2,0,0,0,0,0,T,T,1,0.5,0,0,0,0,0,0,0,0,0,0,0,0,0,0,0,0,0,0,0,0
USC00244328,"HUNGRY HORSE DAM","FLATHEAD",MT,3159,48.34,-114.02,4,M,M,M,M,0,0,2,7,1,0,0,0,0,0,0,0,0,0,0,0,0,1.5,0,0,0,0,0,0,0,0
USC00244345,"HUNTLEY EXPERIMENTAL STATION","YELLOWSTONE",MT,3033,45.92,-108.25,0,2.5,0.4,0,0,0,0,0,0,1,1.2,0,0,0,0,0,0,0,0,0,0,0,0,0.1,0,0,0,0,0,0,1.1
USC00244358,"HYSHAM","TREASURE",MT,2668,46.29,-107.23,T,5,0,0,0,0,0,0.5,0,2.5,2.5,0,0,T,0,0,0,0,0,0,0,0,0,T,0,0,0,0,0,0,1
US1MTTR0001,"HYSHAM 8.0 W","TREASURE",MT,2727,46.27,-107.39,0,3.5,0.5,0,0.1,0,0,T,0.2,1,1.8,0,0,0,0,0,0,0,M,M,M,0,0,0.1,M,0,M,0,0,0,0.8
USC00244386,"INGOMAR 9 E","ROSEBUD",MT,2799,46.57,-107.19,0,6,0,0,0,0,0,0,2,2,1,0,0,0,0,0,0,0,0,0,0,0,0,0,0,0,0,0,0,0,0.5
US1MTCS0011,"ISMAY 3.4 NE","CUSTER",MT,2717,46.54,-104.75,0,3,M,0,M,1,T,0,0,3,2,0,0,0,0,0,M,0,0,0,M,0,0,0,M,T,M,0,0,0,2
USC00244506,"JOLIET","CARBON",MT,3837,45.47,-109.01,0,3,0,0,0,0,0,0,0,2.5,2.5,0.5,0,0,0,0,0,0,0,0,0,0,0,2,0,0,0,0,0,0,2.5
US1MTCB0013,"JOLIET 2.2 WNW","CARBON",MT,4147,45.5,-109.01,0,4,0,0,0,0,0,0,0,1.5,3,0,0,0,M,0,M,0,0,0,0,0,0,M,M,0,0,0,0,0,0.5
USC00244512,"JOPLIN","LIBERTY",MT,3322,48.56,-110.77,2.8,0.2,T,0.4,T,0.4,0,1,4.6,0.8,0,0,0,0,0,0,0,0,0,0,0,0,1.9,0,0,0,0,0,0,0,0.2
USW00094051,"JORDAN AP","GARFIELD",MT,2661,47.33,-106.95,M,M,0,M,0,0,0,M,M,M,0,0,0,0,0,0,0,0,0,0,0,0,M,0,0,0,0,0,0,0,M
USC00244538,"JUDITH GAP","WHEATLAND",MT,4629,46.68,-109.75,0,2,0,0,0,0,0,0,1.2,0,1.5,0,0,0,0,0,0,0,0,0,0,0,0,0,0,0,0,0,0,0,0
US1MTGV0008,"JUDITH GAP 20.0 E","GOLDENVALLEY",MT,5181,46.64,-109.34,M,0,0,0,0,0,0,M,0,0,0,0,0,0,0,0,0,0,0,0,0,0,0,0,0,0,0,0,0,0,M
US1MTFH0002,"KALISPELL 10.1 SW","FLATHEAD",MT,3254,48.09,-114.46,2.8,0.1,0,0,0,0,0,2.3,M,M,T,0,0,0,0,0,0,T,M,0,0,M,1.9,0,0,M,M,0,0,0,0
US1MTFH0029,"KALISPELL 2.6 NE","FLATHEAD",MT,2922,48.22,-114.27,3.5,0,0,0,0,0,0,2.3,3.8,1.4,T,0,0,0,T,0.3,T,T,T,0,M,M,0.5,0,0,1.7,M,M,0,0,0
USC00244558,"KALISPELL GLACIER AIRPORT","FLATHEAD",MT,2956,48.3,-114.26,1.4,0,0,0,0,T,0.5,5,2.2,T,0,T,T,T,0.3,T,T,T,0.1,0,T,0.3,0.3,0,3.7,T,0,0,0,0,0
US1MTCS0010,"KINSEY 2.3 W","CUSTER",MT,2366,46.57,-105.7,M,2.8,0.6,M,M,M,M,0.2,M,0.5,1,M,M,M,M,M,M,M,M,M,M,M,M,T,T,M,M,M,M,M,0.3
US1MTMH0006,"KLEIN 0.6 S","MUSSELSHELL",MT,3314,46.4,-108.55,0,4,1,0,T,0,0,T,1,1.5,1.5,0,0,0,M,0,0,0,M,M,M,M,T,M,0,0,0,0,0,0,1.5
US1MTBH0003,"LAME DEER 7.9 WSW","BIGHORN",MT,3432,45.56,-106.75,0,3,0,0,0,0,0,0,0,M,M,0,0,0,0,0,0,0,0,T,M,0,0,0,0,0,0,0,0,0,M
US1MTYS0025,"LAUREL 2.4 NE","YELLOWSTONE",MT,3347,45.7,-108.73,M,2,1,0,0,0,0,0,0,2,3,1,M,M,0,M,M,0,0,M,M,M,M,0.5,M,M,M,M,M,M,M
USC00244896,"LAURIN 2NE","MADISON",MT,5197,45.37,-112.1,0,T,0,0,0,0,2,1,0.3,T,2.2,0,0,0,0,0,0,0,0,0,T,0,0,0,0,0,0,0,0,0,3.7
US1MTMH0014,"LAVINA 10.6 E","MUSSELSHELL",MT,3512,46.3,-108.72,M,M,M,M,M,M,M,M,M,M,M,M,M,M,M,M,M,M,0,0,0,0,0,0,0,0,M,0,M,M,M
US1MTGV0007,"LAVINA 20.2 NNW","GOLDENVALLEY",MT,4161,46.58,-109.06,0,M,0,0,0,0,0,0.2,0.5,0,1.7,0,0,0,0,0,0,0,0,0,0,0,0,T,0,0,0,0,0,0,T
USC00244954,"LENNEP 5 SW","MEAGHER",MT,5599,46.36,-110.6,M,4,0.4,0,T,0,0,0.9,2.4,0.2,1.8,0,0,0,0,0,0,0,0,0.2,0,0,1.3,0,0,T,0,0,0,0,1.4
USC00244976,"LEWISTOWN","FERGUS",MT,3910,47.07,-109.41,M,3.5,0.4,T,0.2,0,M,M,3.5,0.6,0.4,0,0,M,M,0,0,0,0,M,M,M,0.1,M,0.2,0,0,M,M,0,1.2
USC00244979,"LEWISTOWN 11ESE","FERGUS",MT,5027,47.01,-109.22,T,5,0,0,1,0,0,0.5,1,0,1,0,0,0,0,0,0,0,0,0,0,0,T,0.3,0,0,0,0,0,0,4
USC00244978,"LEWISTOWN 11 SSE","FERGUS",MT,4964,46.91,-109.41,5,M,M,M,M,M,M,0,1.6,0.4,0,0,0,0,0,0,0,0,0,0,0,0,0,0,0,0,0,0,0,0,M
USC00245011,"LIBBY DAM (BASE)","LINCOLN",MT,2109,48.41,-115.32,2,0,M,M,0,0,0,M,M,M,M,M,0,0,0,0,0,M,0,0,0,0,0.5,0,M,1,M,M,0,0,0
US1MTBV0020,"LIMA 0.3 NNW","BEAVERHEAD",MT,6242,44.64,-112.59,0,M,0,M,0,M,0,0,0,0,M,M,0,M,M,0,0,0,0,0,M,M,M,M,M,M,0,0,0,M,M
USC00245043,"LINDBERGH LAKE","MISSOULA",MT,4319,47.41,-113.71,1.8,T,0,0,0,0,0,5.8,4.2,3.1,0.4,0,0,0,0,0,0,0,0,0,0,T,2,0,0.3,2.5,0,0,0,0,6.3
USC00245045,"LINDSAY","DAWSON",MT,2692,47.23,-105.15,7.4,4.2,0,0,0,0,0,0,0,0,0,0,0,0,0,0,0,0,0,0,0,0,0,0,0,0,0,0,0,0,0
US1MTPK0004,"LIVINGSTON 0.4 SSW","PARK",MT,4517,45.66,-110.57,0,M,M,0,0,0,0,0,M,M,M,M,0,0,0,0,0,0,0,0,0,0,0,M,0,0,0,0,0,0,M
US1MTPK0014,"LIVINGSTON 0.9 WSW","PARK",MT,4604,45.66,-110.58,0,4,0.7,0,0,0,0,0,0,T,3.4,0.5,0,0,0,M,0,0,M,0,0,0,0,1.6,0,0,0,0,0,0,3.1
USC00245080,"LIVINGSTON 12 S","PARK",MT,5043,45.5,-110.56,0.5,1,T,T,0,0,0,0,0.5,T,1.5,2,0,0,0,0,0,0,0,0,0,0,0,T,0,0,0,0,0,0,13
US1MTPK0002,"LIVINGSTON 14.0 S","PARK",MT,4807,45.46,-110.6,M,M,M,M,M,M,M,M,M,M,M,1,M,M,M,M,M,M,M,M,M,M,M,M,M,M,M,M,M,M,3
US1MTPK0012,"LIVINGSTON 20.8 SSW","PARK",MT,5097,45.37,-110.66,0,M,M,M,M,M,M,M,M,0.1,0.5,2.3,0,0,0,0,0,0,0,0,0,0,0,M,0,M,M,M,M,M,M
US1MTPK0001,"LIVINGSTON 2.3 SSW","PARK",MT,4531,45.63,-110.58,0,4.5,1.5,0,0,0,0,0,0,0.3,2.5,5,0,0,0,0,0,0,0,M,0,0,0,1.1,0.5,0,0,0,0,0,2.3
US1MTPK0007,"LIVINGSTON 6.6 ESE","PARK",MT,5504,45.64,-110.43,0,5.8,0.6,T,0,0,0,T,1,0.3,4.5,4.1,T,0,0,0,0,0,0,0,0,0,0,2.5,0.3,0,0,0,0,0,1.6
USC00245088,"LIVINGSTON RAIN GAUGE","PARK",MT,4696,45.7,-110.45,0,4,0.2,0,0,0,0,0,T,0.3,2.4,0.3,T,0,0,0,0,0,0,0,0,0,0,0.7,0,0,0,0,0,0,3
US1MTBH0004,"LODGE GRASS 4.5 N","BIGHORN",MT,3262,45.38,-107.38,M,M,M,M,M,M,M,M,M,M,2,M,M,M,M,M,M,M,M,M,M,M,M,M,M,M,M,M,M,M,M
USC00245123,"LOGAN LANDFILL","GALLATIN",MT,4242,45.88,-111.41,M,M,0,0,0,0,0,0,M,0,3,2.5,0,0,0,0,0,0,0,0,0,0,0,0,0,0,0,0,0,0,0.1
USC00245153,"LOMA","CHOUTEAU",MT,2577,47.94,-110.5,0.1,3,T,M,0.1,M,M,1.1,1.9,4.9,2,M,M,M,M,M,M,M,M,M,M,M,1,0.4,M,M,M,M,M,M,M
USC00245334,"MALTA","PHILLIPS",MT,2262,48.36,-107.87,1.4,0.3,0,T,T,0.3,0.5,0,0.6,2.6,0.1,0,0,0,0,0,0,0,0,0,0,0,1.4,T,0,0,0,0,0,0,0
USC00245340,"MALTA 35 S","PHILLIPS",MT,2614,47.84,-107.96,1.5,2.8,0,0,0,0.4,0,0.3,0,0,2,0,0,0,0,0,0,0,0,0,0,0.2,0,T,0,0,0,0,0,0,0
USC00245338,"MALTA 7 E","PHILLIPS",MT,2230,48.39,-107.73,M,M,0,0,M,0,0,M,M,M,0,0,0,0,0,0,0,0,0,0,0,M,M,0,0,0,0,0,0,0,0
US1MTFH0012,"MARION 1.1 SE","FLATHEAD",MT,4054,48.1,-114.64,M,M,M,M,M,M,M,M,M,M,M,M,0,T,T,0,0,T,T,0,T,0.2,2.3,M,M,M,M,M,M,M,0
USC00245533,"MCLEOD","SWEETGRASS",MT,4808,45.66,-110.11,0,2,1,0,0,0,0,0,0.5,1,6,1,0,0,0,0,0,0,0,0,0,0,0,2,0,0,0,0,0,0,1
US1MTPK0010,"MCLEOD 12.8 SW (CLOSED)","PARK",MT,5239,45.49,-110.22,0,1.6,M,M,0,0,0,0,M,M,M,1.4,0,0,0,0,M,M,M,M,0,0,0,1.1,M,M,0,M,M,0,3.4
USC00245572,"MEDICINE LAKE 3 SE","SHERIDAN",MT,1941,48.48,-104.45,0,0,0,0,0,0,0,M,M,0,0,0,0,0,0,0,0,0,0,0,0,0,0,0,0,0,0,0,0,0,0
US1MTRB0009,"MELSTONE 5.7 E","ROSEBUD",MT,3256,46.59,-107.75,0,5,1.1,0.1,T,T,T,M,0.7,1,2.5,0,0,0,M,0,0,0,0,M,M,0,M,M,M,M,0,0,0,0,1
US1MTSG0009,"MELVILLE 10.1 ENE","SWEETGRASS",MT,4642,46.17,-109.77,0,5,0.3,0,0,0,0,0,1.5,1,1.2,M,0,0,0,0,0,0,0,M,0,0,0,M,0,0,0,0,0,0,3.5
USC00245603,"MELVILLE 4 W","SWEETGRASS",MT,5364,46.1,-110.05,1.6,1.1,T,0,0,0,0,0,1.6,T,1.8,0,0,0,0,0,0,0,0,0,0,0,T,0.4,0,0,0,0,0,0,3.7
USC00245668,"MILDRED 7 NNW","PRAIRIE",MT,2549,46.77,-105.03,0,M,M,0,0,0,0,0,0,0,M,0,0,0,0,0,0,0,0,0,0,0,0,0,0,0,0,0,0,0,0
US1MTCS0008,"MILES CITY 0.4 E","CUSTER",MT,2361,46.41,-105.83,M,M,0,M,0,0,M,M,M,M,M,M,0,M,M,M,0,M,M,0,M,M,0,0,0,0,0,M,M,0,M
US1MTCS0012,"MILES CITY 1.2 ENE","CUSTER",MT,2366,46.41,-105.82,0,M,M,M,M,M,M,M,M,M,M,M,M,M,M,M,M,M,0,M,M,M,M,0,0,M,M,M,M,M,M
USC00245712,"MILLEGAN 14 SE","MEAGHER",MT,4969,46.88,-111.16,M,0,0,T,0,0,0,0.3,5,M,0,0,0,0,0,0,0,0,0,0,0,0,T,T,0,0,0,0,0,0,2
US1MTMS0024,"MISSOULA 1.6 SE","MISSOULA",MT,3214,46.85,-113.99,M,M,M,M,0,0,0,1.4,3,0.1,1.4,T,0,0,0,0,0,0,M,M,M,M,0.4,0.1,0.1,T,0,M,M,M,M
US1MTMS0014,"MISSOULA 4.4 W","MISSOULA",MT,3113,46.86,-114.1,0,0.5,0,0.3,0,0,0,2,4,1,0.6,0.3,0,0,0,0,0,0,0,0,0,0.5,0.5,0.3,0,T,0,0,0,0,1.5
US1MTMS0012,"MISSOULA 4.9 N","MISSOULA",MT,3549,46.94,-114.02,0,0.3,T,T,0,0,0,1.5,3.5,1,0.3,T,0,0,0,0,0,0,M,M,0,1,1,T,T,T,0,0,0,0,0.3
USC00245740,"MISSOULA 6 NW WFO","MISSOULA",MT,3196,46.92,-114.09,1.1,0,T,T,T,0,2,5.3,1.6,0.6,0.2,T,T,0,0,0,0,T,T,0,0.5,0.8,0.3,T,T,T,0,0,0,0,1.4
USW00024153,"MISSOULA INTERNATIONAL AP","MISSOULA",MT,3191,46.92,-114.09,1.1,0,T,T,T,0,2,5.3,1.6,0.6,0.2,T,T,0,0,0,0,T,T,T,0.5,0.8,0.3,T,T,T,0,0,0,0,1.4
USC00245754,"MIZPAH 4 NNW","CUSTER",MT,2479,46.29,-105.29,0,2,0,T,T,T,0,0,T,1.5,1.3,0,0,0,0,0,0,0,0,0,0,0,0,T,0,0,0,0,0,0,1.8
USC00245761,"MOCCASIN EXPERIMENT STN","JUDITHBASIN",MT,4299,47.06,-109.95,0,M,0,0,0,0,0,M,0,M,M,0,0,0,0,0,0,0,0,0,0,0,0,0,0,0,0,0,0,0,M
USC00245870,"MOORHEAD 9 NE","POWDERRIVER",MT,3219,45.18,-105.75,0,1.3,0,0,0,0,0,0,0,0.5,3,0,0,0,0,0,0,0,0,0,0,0,0,1,T,0,0,0,0,0,1
USC00245961,"MYSTIC LAKE","STILLWATER",MT,6542,45.24,-109.73,0.5,1.5,0.5,0,0,0,0,0,1,3,5,2,0,0,0,0,0,0,0,0,0,0,T,3,0,0,0,0,0,0,13
US1MTVL0004,"NASHUA 8.3 SSW","VALLEY",MT,2027,48.03,-106.45,1,1.5,1.2,T,0.1,0.3,0,0,2,3,0.8,0,0,0,0,0,0,0,0,0,0,0,0,0,0,0,0,0,0,0,0
US1MTCC0008,"NEIHART 0.9 SE","CASCADE",MT,5733,46.92,-110.72,0.5,3,0,0,0.5,0,0,0.5,3.5,M,0.5,M,0,0,0,0,M,0,0,0,0,0,T,T,0,T,0,M,0,M,0.5
USC00246157,"NORRIS MADISON POWER HOUSE","MADISON",MT,4744,45.49,-111.63,0.5,0.1,0,0,0,0,0,0,0,0,0,0,0,0,0,0,0,0,0,0,0,0,0,0,0,0,0,0,0,0,5
US1MTSN0002,"NOXON 4.2 WNW","SANDERS",MT,2312,48.03,-115.85,4.2,0.1,0,0,0,T,0,3.3,7.5,6.5,0.8,0,0,0,0,0,0,1.1,0,0,0,M,2,0,0.8,0.6,0,0,0,0,0.1
USC00246190,"NYE #2","STILLWATER",MT,4839,45.43,-109.81,M,M,1,0,0,0,0,M,0,1,1.3,0.8,0,0,0,0,0,0,0,0,0,0,0,2,0,0,0,0,0,0,3
USC00246218,"OLNEY","FLATHEAD",MT,3164,48.55,-114.57,0.1,M,M,M,M,T,M,T,M,T,M,M,M,M,M,M,M,T,M,M,M,T,M,M,0.2,M,M,M,M,M,M
USC00246236,"OPHEIM 10 N","VALLEY",MT,2879,49,-106.38,0,0,2,0,0,2,0,1,2.5,1,0,0,0,0,0,0,0,0,0,0,0,0,0,0,0,0,0,0,0,0,0
USC00246238,"OPHEIM 12 SSE","VALLEY",MT,2935,48.7,-106.32,0,0,0,0,0,0.5,0,0,0.3,0,0,0,0,0,0,0,0,0,0,0,0,0,0,T,0,0,0,0,0,0,0
US1MTSH0003,"OUTLOOK 5.6 WNW","SHERIDAN",MT,2284,48.91,-104.9,M,0.5,2,0,M,M,0,0,2,1,M,0,0,0,0,0,0,0,0,0,0,M,0,M,2,0,0,0,0,0,0
US1MTPW0003,"OVANDO 2.9 SW","POWELL",MT,4056,46.99,-113.17,T,1,T,0,0,0,0,2.5,4,1.5,2,T,M,M,M,M,M,0,0,0,M,T,0.8,M,T,0.5,M,M,0,M,0.5
US1MTSW0005,"PARK CITY 0.5 S","STILLWATER",MT,3401,45.63,-108.92,0,1.5,0,0,0,0,0,0,0,2,4,0.8,0,0,0,0,0,0,0,M,0,0,0,0.8,0,0,0,0,0,0,1
US1MTSW0012,"PARK CITY 6.0 WSW","STILLWATER",MT,3452,45.6,-109.03,0,2.5,T,0,0,0,0,0,0,1.3,4,0,0,0,0,0,M,0,0,M,0,0,0,1.2,0,0,0,0,0,0,2.5
US1MTGT0003,"PHILIPSBURG 10.3 SSW","GRANITE",MT,5449,46.2,-113.41,M,M,M,M,M,M,M,1.5,M,M,M,M,M,M,M,M,M,M,M,M,M,M,M,M,M,M,M,M,M,M,M
USC00246472,"PHILLIPSBURG RANGER STATION","GRANITE",MT,5269,46.32,-113.3,M,M,M,M,0,0,M,M,1,0.7,2,0.7,0,M,M,M,M,0,M,M,M,M,1,0,0,0,0,M,M,M,6.3
USC00246586,"PLENTYWOOD","SHERIDAN",MT,2047,48.77,-104.57,T,0.4,2.2,0,T,T,0,0,0.6,1.5,0.1,0,0,0,0,0,0,0,0,0,0,0,0,T,0.3,0.5,0,T,0,0,0
US1MTSH0005,"PLENTYWOOD 0.6 W","SHERIDAN",MT,2043,48.77,-104.57,T,0.4,2.2,0,T,T,0,0,0.6,1.5,0.1,0,0,0,0,0,0,0,0,0,0,0,0,T,0.3,0.5,0,T,0,0,0
USC00246601,"PLEVNA","FALLON",MT,2779,46.42,-104.52,0.2,1.5,T,0.1,T,0.3,0,0,0.2,1.7,1.2,0,0,0,0,0,0,0,0,0,0,T,0,T,0.5,0,0,0,0,0,0.5
US1MTFL0007,"PLEVNA 1.6 S","FALLON",MT,2782,46.39,-104.52,0,2.2,1.1,M,M,T,0.3,0,T,2.3,1.8,0,0,M,0,0,0,0,0,0,0,0,0,T,0.7,T,0,0.1,0,0,0.7
US1MTBV0018,"POLARIS 3.7 NNE","BEAVERHEAD",MT,6634,45.42,-113.1,T,0.8,0.6,0,0,0,0,2.3,1.2,2,4.1,0.1,0,0,0,0,0,0,T,1.5,0.1,0,0.3,0,0,0.3,0,0,0,0,0.3
USC00246647,"POMPEYS PILLAR 15N","YELLOWSTONE",MT,3389,46.2,-108,0,2.8,0.5,0,0.2,0,0,0.2,1.2,1.5,2.4,0,0,0,0,0,0,0,0,0,0,0,0,T,0,0,0,0,0,0,0.8
US1MTRT0005,"POPLAR 20.4 N","ROOSEVELT",MT,2213,48.4,-105.15,0,M,M,0,0,0,0,0,M,0,0,0,0,0,0,0,0,0,0,0,0,0,0,M,M,0,0,0,0,0,0
USC00246685,"POTOMAC","MISSOULA",MT,3689,46.88,-113.56,0,1,0,T,0,0,0,2.5,3.6,0.5,T,0,0,0,0,0,0,0,0,0,0,0,0.7,0,0,T,0,0,0,0,3
USC00246691,"POWDERVILLE 8 NNE","CUSTER",MT,2799,45.85,-105.04,T,2.5,0,0,T,0.2,0,0,0,2,1.8,0,0,0,0,0,0,0,0,0,0,0,0,T,T,0,0,0,0,0,0.7
US1MTPK0017,"PRAY 4.4 SSW","PARK",MT,5487,45.32,-110.71,0,0,0,0,0,0,0,0,0,0,0,6,0,0,0,0,0,0,0,0,0,0,0,0,0,0,0,0,0,0,M
USC00246747,"PRYOR","BIGHORN",MT,4056,45.43,-108.54,0,2.8,T,0,0,0,0,0,0,0.6,2.8,T,0,0,0,0,0,0,0,0,0,0,0,T,0.6,0,0,0,0,0,1.6
USC00246862,"RAPELJE","STILLWATER",MT,4067,45.97,-109.25,0.8,0.9,0,0,0,0,0,0,0,0,1.4,0,0,0,0,0,0,0,0,0,0,0,T,0.1,0,0,0,0,0,0,5.6
USC00246893,"RAYMOND BORDER STATION","SHERIDAN",MT,2345,49,-104.58,M,M,M,0,0,T,0,0,4,0,0,0,0,0,0,0,0,0,M,M,M,M,M,M,1,0,0,T,0,0,M
USC00246918,"RED LODGE","CARBON",MT,5645,45.18,-109.26,T,1.5,T,0,0,0,0,0,0,3.5,2,2,0,0,0,0,0,0,0,0,0,0,T,3,0,0,0,0,0,0,4
US1MTCB0009,"RED LODGE 2.7 NE","CARBON",MT,5580,45.22,-109.21,0,1.2,T,0,0,0,0,0,0,1.5,1,1,0,0,0,0,0,0,0,T,0,0,0,1.8,0.7,0,0,0,0,0,1.5
US1MTCB0005,"RED LODGE 3.0 SW","CARBON",MT,6075,45.16,-109.29,0,1.5,T,0,0,0,0,0,T,0.5,2,4,0,0,0,0,0,0,0,0,0,0,0,2,0,0,0,0,0,0,1
US1MTCB0008,"RED LODGE 4.7 NNE","CARBON",MT,5131,45.26,-109.23,0,2,T,0,0,0,0,0,0,1.5,2,1,0,0,0,0,0,0,0,M,M,M,0,2,T,0,0,0,0,0,2.5
US1MTCB0004,"RED LODGE 6.2 NNE","CARBON",MT,5035,45.28,-109.22,M,1,0,0,0,0,0,0,M,0.5,1.5,0,M,0,0,0,0,0,0,M,0,M,0,0.5,0,0,0,M,M,0,2.7
US1MTSW0001,"REED POINT 5 SE","STILLWATER",MT,3825,45.67,-109.47,M,2,0.7,M,M,M,M,M,M,0.5,2.5,2,M,M,M,M,M,M,M,M,M,M,M,2,M,M,M,M,M,M,1
US1MTCT0003,"RIDGE 3.8 NE","CARTER",MT,4100,45.09,-104.98,0,4,0.2,0,0,0,0,0,0,0.2,2,1.5,0,0,0,0,0,0,0,0,0.5,0,0,0.3,1,M,0,0,0,0,0
USC00247034,"RIDGEWAY 1 S","CARTER",MT,3315,45.5,-104.45,T,3.6,0,T,1,T,T,T,0,T,2,0,0,0,0,0,0,0,0,0,T,0,T,T,1,0,T,0,0,0,1
USC00247159,"ROGERS PASS 9 NNE","LEWISANDCLARK",MT,4199,47.19,-112.29,0,0,0,0,0,0,M,M,M,M,0,0,0,0,0,0,0,0,0,0,0,M,0,0,0,0,0,0,0,M,M
US1MTLK0011,"ROLLINS 0.5 WSW","LAKE",MT,2937,47.9,-114.21,1.5,0,0,0,1.9,M,0,M,4.5,M,M,M,0,0,0,M,0,0,M,0,0,M,1,0,M,M,0,0,0,0,0
US1MTLK0013,"RONAN 0.2 WSW","LAKE",MT,3052,47.53,-114.1,1.7,1.8,0,0.2,T,0,0,3.8,3.2,0.2,0,M,M,M,T,T,0,M,M,0,T,T,2.1,0,T,M,0,0,0,0,0.2
US1MTLK0010,"RONAN 4.1 NE","LAKE",MT,3411,47.57,-114.04,M,M,1,0.3,T,0,0,3.8,1.5,2.1,1.5,0.4,T,T,T,0.1,T,T,M,0,0,0.4,2.4,M,0.5,0.9,0,0,0,0,1
USC00247214,"ROUNDUP","MUSSELSHELL",MT,3199,46.44,-108.53,M,M,3.8,0,0,0,M,M,M,0.8,1.1,0,0,0,0,0,0,0,0,0,0,0,0,0,T,0,0,0,0,0,0.6
USC00247220,"ROUNDUP 15 SW","MUSSELSHELL",MT,3385,46.33,-108.74,0,3.3,0.3,0,0,0,0,0,0.3,3,1.5,0,0,0,0,0,0,0,0,0,0,0,0,T,0,0,0,0,0,0,1.2
US1MTMH0018,"ROUNDUP 1.8 NNE","MUSSELSHELL",MT,3318,46.47,-108.52,0,2.5,0.4,0,M,0,0,0.9,0.9,1.1,1.6,0,0,0,0,0,0,0,0,M,0,0,0,M,M,0,0,0,0,0,1
US1MTMH0016,"ROUNDUP 2.8 ESE","MUSSELSHELL",MT,3546,46.43,-108.49,M,3.5,M,M,M,M,M,M,0,M,M,M,M,M,M,M,M,M,M,M,M,M,M,M,M,M,M,M,M,M,1
US1MTMH0020,"ROUNDUP 3.0 NNE","MUSSELSHELL",MT,3259,46.49,-108.51,M,M,M,M,M,M,M,M,M,4,M,M,M,M,M,M,M,M,M,M,M,M,M,M,M,M,M,M,M,M,2.3
US1MTMH0019,"ROUNDUP 3.3 SE","MUSSELSHELL",MT,3593,46.42,-108.49,1.1,1.3,0.1,M,0.2,0,0,0.5,1.4,0.3,M,0,0,M,0,0,0,0,M,M,0,M,0,T,0,0,0,0,0,0,1.9
US1MTMH0007,"ROUNDUP 4.3 SSE","MUSSELSHELL",MT,3465,46.39,-108.52,M,6,M,M,M,M,M,M,M,M,M,M,M,M,M,M,M,M,M,M,M,M,M,M,M,M,M,M,M,M,2
US1MTMH0004,"ROUNDUP 6.2 ENE","MUSSELSHELL",MT,3147,46.48,-108.42,0,3,T,0,0,0,0,T,1.5,T,2.5,0,0,0,0,0,0,0,0,0,0,0,0,T,T,0,0,0,0,0,0.5
US1MTMH0017,"ROUNDUP 7.4 SSE","MUSSELSHELL",MT,3517,46.35,-108.48,0,4,0.8,0,0.5,0,0,0.5,M,1.2,2.5,0,0,0,0,0,0,0,0,0,0,0,M,M,M,0,0,0,0,0,2.5
US1MTMH0010,"ROUNDUP 8.1 SE","MUSSELSHELL",MT,3899,46.35,-108.44,0,4.9,0.5,0,0,0,0,0,0.7,2,2,0,0,0,0,0,0,0,0,M,0,0,0,T,T,0,0,0,0,0,1
US1MTMH0012,"ROUNDUP 8.5 NNE","MUSSELSHELL",MT,3575,46.56,-108.47,0,4,0.5,0,0,0,0,2.5,0.5,1,1,0,0,0,0,0,0,0,0,M,0,0,0,0,0,0,0,0,0,0,1
USC00247247,"RUDYARD 19S","CHOUTEAU",MT,2877,48.28,-110.6,M,3,M,M,M,M,M,0.5,0.5,1.8,M,M,M,M,M,M,M,M,M,M,M,M,1.1,M,M,M,M,M,M,M,M
USC00247248,"RUDYARD 21 N","HILL",MT,2999,48.85,-110.6,M,3,M,M,M,M,M,M,2,M,M,M,M,M,M,M,M,M,M,M,M,M,T,M,M,M,M,M,M,M,M
USC00247261,"RYEGATE","GOLDENVALLEY",MT,3649,46.3,-109.26,0,0,0,0,0,0,0,1,0,1,0,0,0,0,0,0,0,0,0,0,0,0,0,0,0,0,0,0,0,0,4
US1MTGV0002,"RYEGATE 0.3 E","GOLDENVALLEY",MT,3648,46.3,-109.25,0,3,0.5,0,0,0,0,T,0.5,1,0.5,0,0,0,0,0,0,0,0,M,0,0,0,T,0,0,0,0,0,0,2
USC00247263,"RYEGATE 18 NNW","GOLDENVALLEY",MT,4439,46.53,-109.34,0,0.2,0.1,0,0,0,0,0,2,0,5,0,0,0,0,0,0,0,0,0,0,0,0,0,0,0,0,0,0,0,0
US1MTGV0004,"RYEGATE 5.0 S","GOLDENVALLEY",MT,3978,46.23,-109.26,M,4,M,M,M,M,M,M,M,1,0.5,M,M,M,M,M,M,M,M,M,M,M,M,M,M,M,M,M,M,M,M
US1MTGV0003,"RYEGATE 9.8 SSW (CLOSED)","GOLDENVALLEY",MT,4326,46.18,-109.36,M,1.5,0.5,M,M,M,M,M,0.5,0.5,M,M,M,M,M,M,M,M,M,M,M,M,M,M,M,M,M,M,M,M,1.5
USC00247265,"SACO 1 NNW","PHILLIPS",MT,2184,48.47,-107.35,0.5,1.5,1,0,T,T,0,0,2.3,1,T,0,0,0,0,0,0,0,0,0,0,0,T,1.2,T,0,0,0,0,0,0
USC00247342,"SAND CREEK","FERGUS",MT,2909,47.58,-108.73,4,0,0,0,0,0,0,0,2,0,0,0,0,0,0,0,0,0,0,0,0,0,0,1,0,0,0,0,0,0,0
USC00247382,"SAVAGE","RICHLAND",MT,1978,47.45,-104.34,1.5,4,0,0,0,T,0,0,0.5,0.3,T,0,0,0,0,0,0,0,0,0,0,0,T,T,1.5,0,0,0,0,0,T
US1MTRC0001,"SAVAGE 1.0 S","RICHLAND",MT,1983,47.44,-104.35,0,3,1.5,0,0,T,0,0,0.5,T,0.3,0,0,0,0,0,0,0,0,0,0,0,0,T,M,M,M,M,M,M,M
USC00247425,"SCOBEY 4 NW","DANIELS",MT,2389,48.84,-105.47,0,M,0,0,0,0,0,0,0,0,0,0,0,0,0,0,0,0,0,0,0,0,0,0,0,0,0,0,0,0,0
US1MTMS0016,"SEELEY LAKE 0.3 ESE","MISSOULA",MT,4067,47.18,-113.48,0,0,0,0,0,0,0,M,M,M,M,M,0,0,0,0,0,0,0,0,0,M,M,M,M,M,0,0,0,0,M
US1MTMS0018,"SEELEY LAKE 2.3 ESE","MISSOULA",MT,4166,47.18,-113.44,M,M,M,M,M,M,M,M,M,M,M,M,M,0,0,0,0,0,M,M,M,M,M,M,M,M,M,M,M,M,M
USC00247448,"SEELEY LAKE RANGER STATION","MISSOULA",MT,4099,47.21,-113.52,M,M,2.5,M,0,0,M,M,7,1,1,0,0,M,M,M,0,0,0,0,M,M,1.5,0,0,0,M,M,M,0,2
USC00247500,"SHELBY","TOOLE",MT,3324,48.51,-111.86,3.2,2.5,T,T,0,T,T,1.5,1.5,0.5,0.3,0,0,0,0,0,0,0,0,0,0,0,1,0,0,0,0,0,0,0,0.5
US1MTMD0003,"SHERIDAN 1.4 ENE","MADISON",MT,5398,45.46,-112.16,0,0.6,1.1,0,0,0,0,1.5,0,M,1.4,1.1,0,0,0,0,0,0,0,M,0,0,M,M,0.3,0,0,0,0,0,M
USC00247540,"SHONKIN 7 S","CHOUTEAU",MT,4294,47.53,-110.58,6,1,0,0,0,0,0,2,2,0,0,0,0,0,0,0,0,0,0,0,0,0,2,0,0,0,0,0,0,0,6
USC00247560,"SIDNEY","RICHLAND",MT,1933,47.73,-104.15,0,0,2,0,0,0,0,0,1,0.1,1,0,0,0,0,0,0,0,0,0,0,0,0,0,0.3,0,0,0,0,0,0
USC00247562,"SIDNEY 2 S","RICHLAND",MT,1919,47.68,-104.16,0,M,3.5,0,0,0,0.1,0,0,M,0,0,0,0,0,0,0,0,0,0,0,0,0,0.3,0.2,0.2,0,0,0,0,0
USC00247603,"SILVER GATE","PARK",MT,7493,45.02,-109.97,0,0,0,0,0,0,4.5,4,0,16,6,0,0,0,0,0,0,0,0,0,0,0,0,0,0,0,0,0,M,M,M
USC00247620,"SIMPSON 6 N - WILDHORSE","HILL",MT,2814,49,-110.22,2,M,M,M,M,1.5,M,M,M,M,M,M,M,M,M,M,M,M,M,M,M,M,M,M,M,M,M,M,M,M,M
USC00246640,"SKQ DAM","LAKE",MT,2729,47.68,-114.24,M,M,M,0,0,0,M,M,6,M,M,M,M,M,M,M,M,0,M,0,M,0,2,0,M,M,M,M,M,M,M
USC00247740,"SONNETTE 7 SW","POWDERRIVER",MT,3913,45.32,-105.91,0,2.3,0,0,0,0,0,0,0,0,3.8,0,0,0,0,0,0,0,0,0,0,0,0,0.2,T,0,0,0,0,0,1.6
USC00247800,"SPRINGDALE","PARK",MT,4234,45.74,-110.22,0,0.1,0.5,0,0,0,0,0,1.3,0.1,5,0.5,0,0,0,0,0,0,0,0,0,0,0,0.2,0,0,0,0,0,0,3.5
USC00247864,"STANFORD","JUDITHBASIN",MT,4859,47.15,-110.22,8,0.1,M,M,M,M,M,T,M,T,M,M,M,M,M,M,M,M,M,M,M,M,T,M,M,M,M,M,M,M,0.1
USW00094010,"ST. MARIE","VALLEY",MT,2740,48.41,-106.51,M,M,0,0,0,0,0,0,0,1,0,0,0,0,0,0,0,0,0,0,0,0,T,T,0,0,0,0,0,0,0
USC00247292,"ST. MARY","GLACIER",MT,4559,48.74,-113.43,0,0,T,1.5,4,T,0,M,M,M,2,M,2,M,M,M,M,M,T,M,M,M,M,M,M,M,M,M,M,M,2
USC00247967,"SULA 14 NE","RAVALLI",MT,5154,45.91,-113.74,0.1,0.3,0,0,0,0,0,1.9,1.1,0.9,0.5,0,0,0,0,0,0,0,0,0,0.5,0,0,0,0,0.1,0,0,0,0,2.3
USC00248021,"SUN RIVER 4 S","CASCADE",MT,3599,47.48,-111.74,M,4.2,1,0,0,0,0,2,0,0,2,0,M,M,M,M,0,0,0,0,0,0,2,0,0,0,0,0,0,0,2.5
USC00248165,"TERRY","PRAIRIE",MT,2249,46.79,-105.3,M,M,3,0,T,0,0,0,0.5,T,1,0,0,0,0,0,0,0,0,0,0,0,0,0,T,0,0,0,0,0,T
US1MTSN0004,"THOMPSON FALLS 9.3 NW","SANDERS",MT,2594,47.69,-115.48,1,1.5,0,0,0,0,0,3.5,4,4.5,1.5,0,M,0,0,0,0,M,0,0,0,0.5,1.5,T,T,0.5,0,0,0,0,0.5
USC00248211,"THOMPSON FALLS PH","SANDERS",MT,2379,47.59,-115.36,1.5,M,M,M,M,M,M,2,4,1.5,M,M,M,M,M,M,M,M,M,M,M,M,M,M,1,M,M,M,M,M,1.5
USC00248239,"TIZER GARDENS","JEFFERSON",MT,4671,46.37,-112.02,T,5.1,T,0,0,0,0,2.2,1.6,1.2,3.7,0,0,0,0,0,0,0,0,0,0,0,T,0,0,0,0,0,0,0,2.7
USC00248324,"TOWNSEND 3SE","BROADWATER",MT,3963,46.3,-111.45,0.2,T,M,M,M,M,M,1,1.7,M,T,M,M,M,M,M,M,M,M,M,M,M,0.2,M,M,M,M,M,M,M,0.2
USC00248390,"TROY","LINCOLN",MT,1929,48.48,-115.91,M,M,11,M,M,M,M,M,10,1,M,M,M,M,M,M,M,1,M,M,M,M,0.5,M,M,M,M,M,M,M,M
USC00248415,"TURNER 11N","BLAINE",MT,2981,49,-108.39,0.2,0.5,0,0,M,M,M,M,2.5,0.1,0,0,0,0,0,0,M,0,0,0,M,0,0,M,M,M,0,0,0,0,0
US1MTWH0003,"TWO DOT 0.4 WNW","WHEATLAND",MT,4444,46.43,-110.08,M,2.6,M,M,M,M,M,M,1.2,M,0.5,M,M,M,M,M,M,M,M,M,M,M,M,M,M,M,M,0,0,0,0.5
USC00248498,"VALENTINE","FERGUS",MT,2904,47.34,-108.5,T,5,0,0,0,0,0,T,3,T,T,0,0,0,0,0,0,0,0,0,0,0,0,0.1,0,0,0,0,0,0,0.1
USC00248569,"VIDA 6 NE","MCCONE",MT,2284,47.88,-105.37,M,M,0,0,0,0,0,0,M,M,0,0,0,0,0,0,0,0,0,0,0,0,M,T,0,0,0,0,0,0,T
USC00248597,"VIRGINIA CITY","MADISON",MT,5771,45.29,-111.95,0,M,0,0,0,0,2,1,2,0,6,0,0,0,0,0,0,0,M,0,0,0,0,0,0,0,0,0,0,0,M
US1MTPR0014,"VOLBORG 15.1 SSW","POWDERRIVER",MT,3268,45.63,-105.77,0,M,M,0,M,0,0,0,M,M,M,0,0,0,0,0,0,0,0,0,M,0,0,M,M,0,M,0,M,M,M
US1MTPR0002,"VOLBORG 18 SW","POWDERRIVER",MT,3566,45.67,-105.9,0,2,M,0,M,0,0,0,M,M,M,0,0,0,0,0,0,0,0,0,M,0,0,0,M,M,0,0,0,0,M
USC00248693,"WARRICK 2 NW","CHOUTEAU",MT,4249,48.09,-109.65,1.4,T,T,T,0,T,0,0.5,5.5,2,0,0,0,0,0,0,0,0,0,0,0,0,1.8,0,0,0,0,0,0,0,0
USC00248777,"WESTBY","SHERIDAN",MT,2102,48.87,-104.05,M,M,M,M,T,0.2,T,0,2.5,1.5,0,0,0,0,0,0.5,0,0,0,0,0,0,0,0.2,M,0.5,0,0,0,0,0
USC00248809,"WEST GLACIER","FLATHEAD",MT,3147,48.5,-113.98,1,0,0,0,0,1,0,1,8,2,0,T,T,0,0,0,0,1.5,1,0,0,M,0.4,0,1.5,T,0,0,0,0,0
USC00248858,"WEST YELLOWSTONE GATEWAY","GALLATIN",MT,6677,44.66,-111.09,1,1.5,1,0.8,0,0,0,2,5,2,5.8,1,0.1,0,0,0,0,0,T,1,0.3,0.5,1.5,1,0,T,0,T,0,0,T
US1MTFH0004,"WHITEFISH 0.8 ESE","FLATHEAD",MT,3044,48.41,-114.33,1.9,0,0,0,0,T,T,1.5,3.4,1.7,0.3,0,T,T,T,0.4,T,0.1,0.6,T,0,0.5,M,M,M,M,M,M,M,M,M
USC00248939,"WHITEWATER","PHILLIPS",MT,2327,48.76,-107.62,0,M,0,0,0,0,M,0,M,0,M,0,0,0,0,0,0,0,0,0,0,0,0,0,0,0,0,0,0,0,0
USC00248957,"WIBAUX 2 E","WIBAUX",MT,2695,46.99,-104.16,0,1,0,0,0,0,0,0,0,0.5,2,0,0,0,0,0,0,0,0,0,0,0,0,0,0,0,0,0,0,0,0
US1MTPK0005,"WILSALL 0.3 NW","PARK",MT,5099,46,-110.66,0,1.4,0.2,0,T,0,0,1.2,0.4,0.1,1.6,0.1,0,0,0,0,0,0,0,T,0,0,0,0.3,0,T,M,0,0,0,1.2
USC00241840,"WILSALL 1S","PARK",MT,5014,45.99,-110.66,M,2,0,0,0,0,0,1,1,0,2,0,0,0,0,0,0,0.1,0,0,0.1,0,0,0,0,0,0,0,0,0,0
USC00249023,"WILSALL 8 ENE","PARK",MT,5864,46.03,-110.51,0,2.4,0,0,0,0,0,0,0,0,2.8,0,0,0,0,0,0,0,0,0,0,0,0,0,0,0,0,0,0,0,0.8
USC00249054,"WINNETT 12 SW","PETROLEUM",MT,3244,46.92,-108.56,6,0,0,0,0,0,0,M,1.1,0,0,0,0,0,0,0,0,0,0,0,0,0,0,0,0,0,0,0,0,0,0
USC00249048,"WINNETT 6NNE","PETROLEUM",MT,2859,47.08,-108.32,0,3.5,0,0,0,0,0,0,2,0,0,0,0,0,0,0,0,0,0,0,0,0,0,0,0,0,0,0,0,0.5,0
USC00249067,"WISDOM","BEAVERHEAD",MT,6058,45.62,-113.45,0,1,0,0,0,0,0,4,2,1,M,M,M,M,M,0,0,0,0,1,0,0,0,0,M,0,0,M,M,0,1
USC00249103,"WOLF POINT","ROOSEVELT",MT,2089,48.1,-105.65,0,0,0,0,0,0,0,0,4,0,0,0,0,0,0,0,0,0,0,0,0,0,0,0,0,0,0,0,0,0,0
USW00094017,"WOLF POINT INTL AP","ROOSEVELT",MT,1985,48.09,-105.57,M,M,M,M,0,M,0,0,M,M,0,M,0,0,0,0,0,0,0,0,0,0,M,M,M,0,0,0,0,0,M
US1MTLN0006,"YAAK 0.3 W","LINCOLN",MT,3004,48.83,-115.71,1.2,0,0,0,0,0,0,0.5,5.5,0.2,0,0,0,0.1,0,0.1,0,1,0.5,0,0,0.5,0.5,0,0.4,0.2,0,0,0,0,0
USC00249187,"YAAK 9NNE","LINCOLN",MT,3084,48.95,-115.63,M,0,0,0,0,0,0,2.7,2.3,0,0,0,T,0,0,M,0,2,M,T,T,T,T,0,T,T,0,0,0,0,0
USC00249240,"YELLOWTAIL DAM","BIGHORN",MT,3304,45.31,-107.94,0,0,7,0,0,0,0,0,0,2,5,0,0,0,0,0,0,0,0,0,0,0,0,0.5,0,0,M,M,M,M,M
USC00249900,"ZORTMAN","PHILLIPS",MT,4034,47.92,-108.52,0,2.5,T,0,T,0.2,0.1,T,1.5,1.5,0.2,0,0,0,0,0,0,0,0,0,0,0,T,0.4,0,0,0,0,0,0,0.9
